FID,objectid,loc_id,town,description,latitude,longitude,gdb_geomattr_data,shape
ctps_bp_count_locations_pt.1,1,20159,Falmouth,Shining Sea Bikeway at Woods Hole Ferry,41.52307204,-70.66919757,,POINT (269345.49620000273 808434.4924000017)
ctps_bp_count_locations_pt.2,2,20160,Falmouth,Shining Sea Bikeway at Ter Heun Drive,41.56432166,-70.61928257,,POINT (273464.3542999998 813057.5485000014)
ctps_bp_count_locations_pt.3,3,20155,Chelmsford,Bruce Freeman Rail Trail east of Route 4,42.59745252,-71.35190938,,POINT (212153.89549999684 927441.3916999996)
ctps_bp_count_locations_pt.4,4,20156,Sandwich,Cape Cod Canal Path (South) at Freezer Road,41.77214622,-70.50563915,,POINT (282674.33420000225 836242.7727000006)
ctps_bp_count_locations_pt.5,5,20157,Dennis,Cape Cod Rail Trail at Route 134,41.68999938,-70.15074324,,POINT (312323.67379999906 827525.4118999988)
ctps_bp_count_locations_pt.6,6,20161,Newburyport,Clipper City Rail Trail at Washington Street,42.811103,-70.87711169,,POINT (250946.91260000318 951350.7349999994)
ctps_bp_count_locations_pt.7,7,20175,Arlington,Massachusetts Avenue at Teel Street and Thorndike Street,42.40270728,-71.13841033,,POINT (229767.44520000368 905861.5155000016)
ctps_bp_count_locations_pt.8,8,20163,Belmont,Belmont Community Path at Brighton Street,42.39601471,-71.1586578,,POINT (228103.58309999853 905111.2573999986)
ctps_bp_count_locations_pt.9,9,20176,Chelmsford,Bruce Freeman Rail Trail at Pond Street,42.56828758,-71.38110394,,POINT (209762.40829999745 924197.9123000018)
ctps_bp_count_locations_pt.10,10,20177,Belmont,Trapelo Road at White Street,42.38742124,-71.18896339,,POINT (225611.94349999726 904147.1805000007)
ctps_bp_count_locations_pt.11,11,20180,Everett,South of Sweetser Circle at Broadway and Bartlett Street,42.40040705,-71.06164384,,POINT (236088.4054000005 905635.6488000005)
ctps_bp_count_locations_pt.12,12,20178,Newton,Walnut Street between Austin Street And Madison Avenue,42.35023195,-71.20697506,,POINT (224142.99440000206 900011.0800999999)
ctps_bp_count_locations_pt.13,13,20179,Arlington,Alewife Greenway at Massachusetts Avenue,42.40114643,-71.13645279,,POINT (229929.3351000026 905688.8264000006)
ctps_bp_count_locations_pt.14,14,20190,Westfield,Columbia Greenway Rail Trail at Southwick Border,42.08763372,-72.74478078,,POINT (97017.77380000055 871553.3189000003)
ctps_bp_count_locations_pt.15,15,20189,Needham,Kendrick Street at Hunting Road,42.29475659,-71.21984974,,POINT (223102.4654000029 893845.5767999999)
ctps_bp_count_locations_pt.16,16,20199,Bedford,Burlington Road at Crosby Drive,42.50257289,-71.24071598,,POINT (221311.58049999923 916923.8049999997)
ctps_bp_count_locations_pt.17,17,20001,Adams,Ashuwillticook Rail Trail at Russell Field,42.6171874,-73.12516069,,POINT (66672.49149999768 930893.2699000016)
ctps_bp_count_locations_pt.18,18,10037,Arlington,Arlington Center -  Massachusetts Avenue / Pleasant Street / Mystic Street,42.4154415,-71.15328747,,POINT (228536.96159999818 907270.9107999988)
ctps_bp_count_locations_pt.19,19,20003,Arlington,Minuteman Trail - Lake Street,42.40432833,-71.146866,,POINT (229070.60209999979 906038.6611000001)
ctps_bp_count_locations_pt.20,20,20004,Arlington,Minuteman Trail - West of Lake Street,42.40732276,-71.14825963,,POINT (228954.50519999862 906370.7982000001)
ctps_bp_count_locations_pt.21,21,20005,Arlington,Minuteman Trail - Mill Street,42.41851977,-71.15738516,,POINT (228198.32119999826 907611.4737000018)
ctps_bp_count_locations_pt.22,22,20006,Arlington,Minuteman Trail - Spy Pond (between Linwood Street and Pond Lane),42.41058686,-71.14964342,,POINT (228839.10610000044 906732.8964000009)
ctps_bp_count_locations_pt.23,23,20007,Arlington,Minuteman Trail - West of Park Avenue,42.42533579,-71.18326832,,POINT (226065.25590000302 908360.3478999995)
ctps_bp_count_locations_pt.24,24,20008,Cambridge,Massachusetts Avenue at Alewife Brook Parkway,42.40107079,-71.13625287,,POINT (229945.82900000364 905680.4946000017)
ctps_bp_count_locations_pt.25,25,20009,Bedford,Minuteman Trail - South Road / Loomis Street / Railroad Avenue,42.48670637,-71.27630594,,POINT (218390.93879999965 915153.0694000013)
ctps_bp_count_locations_pt.26,26,20010,Bedford,Minuteman Trail - between South Road and Wiggins Avenue,42.47969098,-71.26778808,,POINT (219093.34899999946 914375.6744000018)
ctps_bp_count_locations_pt.27,27,20011,Bedford,Narrow Gauge Trail - Fawn Lake / south of Sweetwater Avenue,42.51144983,-71.27557417,,POINT (218443.86890000105 917901.7351999991)
ctps_bp_count_locations_pt.28,28,20012,Bedford,West Bedford Trail (600 feet east of Hartwell Road),42.48309652,-71.2972408,,POINT (216670.74759999663 914747.7859999985)
ctps_bp_count_locations_pt.29,29,20013,Cambridge,Blanchard Road at Concord Avenue,42.39098246,-71.15726291,,POINT (228220.67300000042 904552.7525000013)
ctps_bp_count_locations_pt.30,30,20015,Boston,Dr. Paul Dudley White Path / River Street / Memorial Drive / Cambridge Street,42.36105573,-71.11737698,,POINT (231519.72950000316 901242.5742000006)
ctps_bp_count_locations_pt.31,31,20016,Brookline,Coolidge Corner - Harvard Street at Beacon Street,42.34224,-71.12134,,POINT (231202.5449000001 899151.1517999992)
ctps_bp_count_locations_pt.32,32,20017,Brookline,Muddy River Bridge / Muddy River Bikeway / Longwood Avenue / Riverway,42.34042412,-71.11075322,,POINT (232075.83519999683 898953.3795999996)
ctps_bp_count_locations_pt.33,33,20018,Brookline,Kent Street at Longwood Avenue,42.34046,-71.11255,,POINT (231927.7547999993 898956.6906000003)
ctps_bp_count_locations_pt.34,34,20019,Brookline,Harvard Street at Longwood Avenue,42.3415,-71.12106,,POINT (231225.98210000247 899069.0588000007)
ctps_bp_count_locations_pt.35,35,20020,Cambridge,Putnam Square - Trowbridge Street / Mass Avenue / Mt. Auburn Street / Putnam Avenue,42.37000981,-71.11309764,,POINT (231867.73879999667 902238.7456)
ctps_bp_count_locations_pt.36,36,20021,Cambridge,Western Avenue at Memorial Drive,42.3643027,-71.11605234,,POINT (231627.22640000284 901603.7245000005)
ctps_bp_count_locations_pt.37,37,20022,Cambridge,River Street at Memorial Drive,42.3614846,-71.11594578,,POINT (231637.41369999945 901290.7410000004)
ctps_bp_count_locations_pt.38,38,20023,Cambridge,Broadway at Prospect Street,42.36931731,-71.1010103,,POINT (232863.6794999987 902166.4118999988)
ctps_bp_count_locations_pt.39,39,11058,Cambridge,Anderson Bridge at Memorial Drive,42.3698162,-71.12245395,,POINT (231097.19539999962 902213.7866999991)
ctps_bp_count_locations_pt.40,40,20025,Cambridge,Inman Street at Broadway,42.37007739,-71.10293289,,POINT (232704.929399997 902250.0993000008)
ctps_bp_count_locations_pt.41,41,20026,Cambridge,Lafayette Square - Massachusetts Avenue / Columbia Street / Main Street,42.36319381,-71.0999552,,POINT (232953.7745999992 901486.6469999999)
ctps_bp_count_locations_pt.42,42,20027,Cambridge,Longfellow Bridge / Memorial Drive / Main Street,42.36181808,-71.07838908,,POINT (234731.02619999647 901342.3935000002)
ctps_bp_count_locations_pt.43,43,20028,Cambridge,Porter Square - Massachusetts Avenue / Somerville Avenue / Shopping Center,42.38905003,-71.1196726,,POINT (231316.75789999962 904351.2239999995)
ctps_bp_count_locations_pt.44,44,341,Cambridge,Harvard Bridge - Massachusetts Avenue / Memorial Drive,42.35698857,-71.09248909,,POINT (233572.08399999887 900800.3088999987)
ctps_bp_count_locations_pt.45,45,20030,Cambridge,Inman Square - Prospect Street at Hampshire Street,42.37219004,-71.09897917,,POINT (233029.47630000114 902486.2868999988)
ctps_bp_count_locations_pt.46,46,20031,Cambridge,Dr. Paul Dudley White Path / Fresh Pond Parkway / Gerrys Landing Road / Memorial Drive,42.37077004,-71.13295822,,POINT (230231.5449000001 902315.9589999989)
ctps_bp_count_locations_pt.47,47,20032,Cambridge,Minuteman Trail - Alewife Station / Cambridgepark West,42.39654678,-71.14310904,,POINT (229383.495099999 905175.5984000005)
ctps_bp_count_locations_pt.48,48,20033,Arlington,Minuteman Trail - North of Route 2 / Alewife Station,42.39866757,-71.14411243,,POINT (229299.90250000358 905410.8233999982)
ctps_bp_count_locations_pt.49,49,20034,Cambridge,Huron Avenue at Aberdeen Road,42.37878892,-71.14682272,,POINT (229085.91080000252 903201.8447999991)
ctps_bp_count_locations_pt.50,50,20035,Cambridge,Linear Park / Massachusetts Avenue / Cameron Avenue,42.39783417,-71.13065754,,POINT (230408.02319999784 905322.9615000002)
ctps_bp_count_locations_pt.51,51,20036,Cambridge,Linear Park / Harvey Street - Road Segment,42.39764375,-71.12998955,,POINT (230463.1102000028 905302.0483000018)
ctps_bp_count_locations_pt.52,52,11073,Cambridge,Mt. Auburn Street at Belmont Street,42.37466057,-71.14968468,,POINT (228852.0992999971 902742.3110000007)
ctps_bp_count_locations_pt.53,53,20038,Cambridge,Boston University Bridge - Cambridge side,42.35374524,-71.11039227,,POINT (232098.82020000368 900433.1620999984)
ctps_bp_count_locations_pt.54,54,20039,Cambridge,Massachusetts Avenue between Putnam Street and Prospect Street,42.36762066,-71.10733674,,POINT (232343.46040000021 901975.5368000008)
ctps_bp_count_locations_pt.55,55,20040,Cambridge,Dr. Paul Dudley White Path between Massachusetts Avenue and MIT Crewhouse,42.35568975,-71.09639298,,POINT (233251.15410000086 900654.5126999989)
ctps_bp_count_locations_pt.56,56,20041,Cheshire,Ashuwillticook Trail at Farnums Road,42.53774159,-73.18206402,,POINT (61830.736199997365 922160.4138000011)
ctps_bp_count_locations_pt.57,57,20042,Easthampton,Manhan Trail - Payson Avenue / Union Street,42.26683751,-72.6706341,,POINT (103424.79609999806 891369.2597000003)
ctps_bp_count_locations_pt.58,58,20043,Edgartown,Martha's Vineyard Roadside Paths - Beach Road / Blue Heron Way,41.40059504,-70.53453834,,POINT (280738.76129999757 794950.4279000014)
ctps_bp_count_locations_pt.59,59,20044,Falmouth,Shining Sea Bikeway - Locust Street / Woods Hole Road,41.55155566,-70.62710387,,POINT (272826.47950000316 811633.0262000002)
ctps_bp_count_locations_pt.60,60,10202,Framingham,Union Avenue at Memorial Building,42.27915668,-71.41675417,,POINT (206866.57440000027 892078.2274000011)
ctps_bp_count_locations_pt.61,61,20046,Groton,Nashua River Trail - Station Avenue,42.60665524,-71.57308796,,POINT (194002.58789999783 928455.6842)
ctps_bp_count_locations_pt.62,62,20047,Lanesborough,Ashuwillticook Rail Trail / Berkshire Mall,42.49389416,-73.20251863,,POINT (60053.54860000312 917324.1022000015)
ctps_bp_count_locations_pt.63,63,20048,Lexington,Massachusetts Avenue at Marrett Road,42.43599747,-71.21229787,,POINT (223672.30619999766 909536.1607999988)
ctps_bp_count_locations_pt.64,64,10782,Lexington,Hartwell Avenue at Bedford Street,42.47662971,-71.25199686,,POINT (220392.74480000138 914039.2851000018)
ctps_bp_count_locations_pt.65,65,20050,Lexington,Hartwell Avenue at Maguire Road,42.47061995,-71.25862861,,POINT (219849.322800003 913370.1601000018)
ctps_bp_count_locations_pt.66,66,20051,Lexington,Massachusetts Avenue at Wood Street,42.44691225,-71.25653801,,POINT (220028.760300003 910737.2230999991)
ctps_bp_count_locations_pt.67,67,20052,Lexington,Lowell Street at Summer Street,42.43649149,-71.18996736,,POINT (225509.46220000088 909597.4732000008)
ctps_bp_count_locations_pt.68,68,10713,Lexington,Lowell Street at Woburn Street,42.44922105,-71.1992277,,POINT (224742.5406000018 911008.7226999998)
ctps_bp_count_locations_pt.69,69,20054,Lexington,Minuteman Trail - 100 feet west of Bow Street,42.42634738,-71.1949521,,POINT (225103.3504000008 908469.2078000009)
ctps_bp_count_locations_pt.70,70,20055,Lexington,Minuteman Trail - east of Bedford Street,42.4605714,-71.23413086,,POINT (221867.37680000067 912259.9673000015)
ctps_bp_count_locations_pt.71,71,20056,Lexington,Minuteman Trail - east of Maple Street,42.43115061,-71.20522288,,POINT (224256.29680000246 908999.7690000013)
ctps_bp_count_locations_pt.72,72,20057,Lexington,Minuteman Trail - Hancock Street,42.45056497,-71.22999032,,POINT (222211.4470999986 911149.5355000012)
ctps_bp_count_locations_pt.73,73,20058,Lexington,Minuteman Trail - Lexington Depot /  east of Hancock Street / Meriam Street / Station Way,42.44882411,-71.22816705,,POINT (222362.0474999994 910956.6400999986)
ctps_bp_count_locations_pt.74,74,20060,Lexington,Minuteman Trail - Hartwell Avenue,42.47136953,-71.25779463,,POINT (219917.66899999976 913453.6180999987)
ctps_bp_count_locations_pt.75,75,20061,Lexington,Minuteman Trail - east of Hartwell Avenue,42.46791689,-71.25019343,,POINT (220543.86990000308 913071.9041000009)
ctps_bp_count_locations_pt.76,76,20059,Lexington,Minuteman Trail - Woburn Street,42.44635386,-71.22027434,,POINT (223012.2282000035 910684.3476999998)
ctps_bp_count_locations_pt.77,77,20062,Marblehead,Salem-Marblehead Trail - Lafayette Street / Rosedale Street,42.49511951,-70.86491508,,POINT (252205.81840000302 916257.8407000005)
ctps_bp_count_locations_pt.78,78,20063,Hudson,Assabet River Trail - Route 85 crossing,42.38325891,-71.56908372,,POINT (194311.0697999969 903640.4468999989)
ctps_bp_count_locations_pt.79,79,20064,Milforoad,Upper Charles River Trail - 1300 feet north of Main Street / Fino Field,42.1466651,-71.51549369,,POINT (198719.3925999999 877358.6919)
ctps_bp_count_locations_pt.80,80,20065,Milforoad,Upper Charles River Trail - 500 feet north of Dilla Street / Louisa Lake,42.1622539,-71.51268389,,POINT (198951.90079999715 879090.1378000006)
ctps_bp_count_locations_pt.81,81,20066,Boston,Commonwealth Avenue at Lake Street,42.3400882,-71.16612642,,POINT (227512.9927000031 898896.7248999998)
ctps_bp_count_locations_pt.82,82,10983,Newton,Newton Centre - Beacon Street / Centre Street,42.33043886,-71.19227009,,POINT (225362.49369999766 897816.8178000003)
ctps_bp_count_locations_pt.83,83,20068,Newton,Newton Centre - Beacon Street between Centre Street at Langley Road,42.33025385,-71.193676,,POINT (225246.69619999826 897795.8504000008)
ctps_bp_count_locations_pt.84,84,20069,Newton,Newton Centre - Union Street between Centre Street at Langley Road,42.32960589,-71.19271815,,POINT (225325.8994999975 897724.1627000012)
ctps_bp_count_locations_pt.85,85,11000,Boston,Chestnut Hill Avenue at Beacon Street,42.33598325,-71.15090591,,POINT (228769.1019999981 898445.7875000015)
ctps_bp_count_locations_pt.86,86,20071,Northampton,Northampton Bikeway - West of Chestnut Street,42.33794984,-72.67332185,,POINT (103311.7274999991 899270.3887000009)
ctps_bp_count_locations_pt.87,87,20072,Northampton,Norwottuck Rail Trail - Bridge at Damon Road,42.33502478,-72.62222696,,POINT (107517.71100000292 898888.8544999994)
ctps_bp_count_locations_pt.88,88,20073,Pepperell,Nahsua River Trail - Pepperell Center,42.666551,-71.5734033,,POINT (193982.4377000034 935109.2192000002)
ctps_bp_count_locations_pt.89,89,20074,Somerville,Union Square - Somerville Avenue at Washington Street,42.37963533,-71.0963869,,POINT (233239.06970000267 903314.2864000015)
ctps_bp_count_locations_pt.90,90,20075,Somerville,Davis Square - College Avenue / Holland Street / Day Street / Highland Avenue,42.39622744,-71.12238428,,POINT (231089.945600003 905147.4739999995)
ctps_bp_count_locations_pt.91,91,20076,Somerville,Powderhouse Circle - Powderhouse Boulevard / Warner Street,42.40121734,-71.11639285,,POINT (231580.73690000176 905703.9354000017)
ctps_bp_count_locations_pt.92,92,20077,Somerville,Beacon Street at Washington Street / Kirkland Street,42.37822459,-71.10665881,,POINT (232393.86909999698 903153.6350000016)
ctps_bp_count_locations_pt.93,93,20078,Somerville,College Avenue between Park Avenue and Winter Street,42.39732522,-71.12179083,,POINT (231138.26470000297 905269.6273000017)
ctps_bp_count_locations_pt.94,94,20079,Somerville,Day Street between Herbert Street and Orchard Street,42.39543493,-71.12383635,,POINT (230970.7832000032 905058.9156000018)
ctps_bp_count_locations_pt.95,95,20080,Somerville,Elm Street between Willow Avenue and Hancock Street,42.39063342,-71.11802434,,POINT (231451.68940000236 904527.7076999992)
ctps_bp_count_locations_pt.96,96,20081,Somerville,Somerville Community Path - Grove Street / behind Brooks Pharmacy,42.39638162,-71.12006391,,POINT (231280.90950000286 905165.4477000013)
ctps_bp_count_locations_pt.97,97,20082,Somerville,Willow Avenue between Elm Street and Summer Street,42.39210006,-71.11821247,,POINT (231435.46940000355 904690.5476000011)
ctps_bp_count_locations_pt.98,98,11015,Waltham,Main Street / Weston Street / South Street,42.37617893,-71.24972964,,POINT (220611.91049999744 902881.9567999989)
ctps_bp_count_locations_pt.99,99,10048,Watertown,Watertown Square - Charles River Road / Mt. Auburn Street / North Beacon Street,42.36522498,-71.18433751,,POINT (226001.9776000008 901683.0995000005)
ctps_bp_count_locations_pt.100,100,20085,Watertown,Watertown Square - Galen Street Bridge / Arsenal Street / Nonantum Road,42.36476048,-71.18562669,,POINT (225895.97519999743 901631.1123000011)
ctps_bp_count_locations_pt.101,101,20087,Somerville,Davis Square - Linear Park,42.39701149,-71.12291833,,POINT (231045.59160000086 905234.3682999983)
ctps_bp_count_locations_pt.102,102,20014,Boston,Boston University Bridge / Commonwealth Avenue / Essex Street,42.35064521,-71.11091931,,POINT (232056.96980000287 900088.6272)
ctps_bp_count_locations_pt.103,103,10127,Boston,Kenmore Square - Commonwealth Avenue / Beacon Street / Brookline Avenue,42.34876855,-71.09696855,,POINT (233207.36909999698 899885.5137000009)
ctps_bp_count_locations_pt.104,104,10528,Boston,Beacon Street at Charles Street,42.35617502,-71.06943036,,POINT (235472.1750999987 900719.2758000009)
ctps_bp_count_locations_pt.105,105,10432,Boston,Massachusetts Avenue at Huntington Avenue,42.34270214,-71.08485232,,POINT (234208.94380000234 899216.4747000001)
ctps_bp_count_locations_pt.106,106,20091,Boston,Dr. Paul Dudley White Path / Birmingham Parkway / Western Avenue,42.36160858,-71.14669246,,POINT (229104.5429000035 901293.5650000013)
ctps_bp_count_locations_pt.107,107,10029,Boston,Harvard Avenue /  Harvard Street and Commonwealth Avenue,42.35026587,-71.13093711,,POINT (230407.86729999632 900039.1625000015)
ctps_bp_count_locations_pt.108,108,20093,Boston,Tremont Street / Berkeley Street / East Berkeley Street,42.34526387,-71.06983328,,POINT (235445.09340000153 899507.1508000009)
ctps_bp_count_locations_pt.109,109,10460,Boston,Audubon Circle - Beacon Street at Park Drive,42.34660603,-71.10509522,,POINT (232538.89840000123 899642.1790999994)
ctps_bp_count_locations_pt.110,110,20095,Boston,Charles Circle - Longfellow Bridge / Cambridge Street / Charles Street,42.36090758,-71.07078134,,POINT (235358.23149999976 901244.3854999989)
ctps_bp_count_locations_pt.111,111,20096,Cambridge,Museum of Science Bridge / Monsignor O'Brien Highway / Charlestown Avenue / Land Boulevard,42.36922246,-71.07302586,,POINT (235168.71019999683 902167.0368999988)
ctps_bp_count_locations_pt.112,112,20097,Boston,Massachusetts Avenue at Commonwealth Avenue,42.34926427,-71.08869743,,POINT (233888.5876000002 899943.8289999999)
ctps_bp_count_locations_pt.113,113,20098,Boston,Cambridge Street / Bowdoin Street / New Chardon Street,42.36130166,-71.06283416,,POINT (236012.67390000075 901291.4827000014)
ctps_bp_count_locations_pt.114,114,20099,Boston,Commonwealth Avenue at Dartmouth Street,42.35205592,-71.07831938,,POINT (234742.12820000201 900258.0877999999)
ctps_bp_count_locations_pt.115,115,10970,Boston,Columbus Avenue / Centre Street / Heath Street,42.32490769,-71.09827157,,POINT (233112.49180000275 897234.6629000008)
ctps_bp_count_locations_pt.116,116,20101,Boston,South Station - Dorchester Avenue at Summer Street,42.35143148,-71.05284812,,POINT (236841.03850000352 900199.4160999991)
ctps_bp_count_locations_pt.117,117,20102,Boston,Broadway Station - Dorchester Avenue at West Broadway,42.34354044,-71.05722561,,POINT (236484.92880000174 899321.0373000018)
ctps_bp_count_locations_pt.118,118,402,Boston,Huntington Avenue at Ruggles Street,42.33762135,-71.09549258,,POINT (233334.85090000182 898647.9125999995)
ctps_bp_count_locations_pt.119,119,10012,Boston,Washington Street at Massachusetts Avenue,42.33653081,-71.07693646,,POINT (234864.61850000173 898534.1994999982)
ctps_bp_count_locations_pt.120,120,20105,Boston,Ruggles Street at Columbus Avenue,42.33551714,-71.08877845,,POINT (233889.27399999648 898416.8343000002)
ctps_bp_count_locations_pt.121,121,20106,Boston,Longfellow Bridge / Esplanade,42.36123699,-71.07286809,,POINT (235186.1468999982 901280.1123000011)
ctps_bp_count_locations_pt.122,122,336,Boston,Charlestown Bridge - North Washington Street at Causeway Street,42.36688072,-71.05852726,,POINT (236364.25509999692 901913.0066)
ctps_bp_count_locations_pt.123,123,20109,Boston,Boston University Bridge (Boston side) at Dr. Paul Dudley White Path,42.35225672,-71.11068073,,POINT (232075.809799999 900267.7164000012)
ctps_bp_count_locations_pt.124,124,20110,Boston,Harvard Bridge (Boston side) at Dr. Paul Dudley White Path,42.35205366,-71.09007441,,POINT (233773.6459000036 900253.1151)
ctps_bp_count_locations_pt.125,125,10471,Boston,Newbury Street at Massachusetts Avenue,42.34811881,-71.088141,,POINT (233935.04800000042 899816.8181999996)
ctps_bp_count_locations_pt.126,126,20112,Boston,Boylston Street between Berkeley Street and Arlington Street,42.35155529,-71.07193533,,POINT (235268.38170000166 900205.0993999988)
ctps_bp_count_locations_pt.127,127,20113,Boston,Government Center - Cambridge Street between Sudbury Street and Court Street,42.36021287,-71.06004251,,POINT (236243.2648999989 901171.7274999991)
ctps_bp_count_locations_pt.128,128,20114,Boston,South Station - Atlantic Avenue and Summer Street,42.35262129,-71.05539206,,POINT (236630.75559999794 900330.4778999984)
ctps_bp_count_locations_pt.129,129,20115,Boston,Southwest Corridor Trail (100 ft north of Heath Street),42.32517175,-71.09832845,,POINT (233107.66529999673 897263.9717999995)
ctps_bp_count_locations_pt.130,130,20116,Boston,Tremont Street between School Street and Bromfield Street,42.35676562,-71.0617089,,POINT (236107.95830000192 900788.1171000004)
ctps_bp_count_locations_pt.131,131,20117,Boston,Washington Street between Bromfield Street and Franklin Street,42.35638198,-71.05948903,,POINT (236291.05690000206 900746.4455000013)
ctps_bp_count_locations_pt.132,132,20118,Boston,Winter Street between Tremont Street and Washington Street,42.35590279,-71.06150864,,POINT (236124.9491999969 900692.3623000011)
ctps_bp_count_locations_pt.133,133,11048,Boston,Leverett Circle - Charles River Dam Road / Martha Road,42.3667427,-71.06822512,,POINT (235565.5244999975 901893.5863999985)
ctps_bp_count_locations_pt.134,134,20120,Boston,Dr. Paul Dudley White Path - West of Massachusetts Avenue,42.35113846,-71.09996561,,POINT (232959.19730000198 900147.5899999999)
ctps_bp_count_locations_pt.135,135,20121,Cambridge,Kendall Square - Broadway / Main Street / Third Street,42.36262583,-71.0843835,,POINT (234236.7920999974 901429.6915999986)
ctps_bp_count_locations_pt.136,136,20122,Boston,Hanover Street / Surface Artery / Cross Street,42.36254198,-71.05581201,,POINT (236590.41820000112 901432.2402000017)
ctps_bp_count_locations_pt.137,137,20123,Somerville,Union Square / Washington Street between Kingman Road and Hawkins Street,42.37951038,-71.09762472,,POINT (233137.1972000003 903299.9261000007)
ctps_bp_count_locations_pt.138,138,11044,Cambridge,Central Square /  Massachusetts Avenue / Prospect Street /  Western Avenue / River Street / Magazine Street,42.3655609,-71.10395295,,POINT (232623.24159999937 901748.0370000005)
ctps_bp_count_locations_pt.139,139,20124,Cambridge,Inman Street at Harvard Street,42.36898445,-71.10368547,,POINT (232643.5072999969 902128.4118000008)
ctps_bp_count_locations_pt.140,140,20125,Cambridge,Anderson Memorial Bridge,42.36927777,-71.1229127,,POINT (231059.67400000244 902153.813000001)
ctps_bp_count_locations_pt.141,141,20126,Lexington,Minuteman Trail - between Woburn Street and Fletcher Avenue,42.44661825,-71.22135131,,POINT (222923.53419999778 910713.425999999)
ctps_bp_count_locations_pt.142,142,20127,Boston,Dr. Paul Dudley White Path - between Harvard Bridge and Museum of Science Bridge / Charles River Dam Road,42.35621644,-71.07480991,,POINT (235028.96630000323 900721.6530999988)
ctps_bp_count_locations_pt.143,143,20128,Lexington,Minuteman Trail - south of Camellia Place,42.45218806,-71.23067347,,POINT (222154.68100000173 911329.6482999995)
ctps_bp_count_locations_pt.144,144,20130,Cambridge,Longfellow Bridge (Cambridge side),42.36170563,-71.07688441,,POINT (234855.0367999971 901330.5170000009)
ctps_bp_count_locations_pt.145,145,20131,Somerville,Linear Park  - Alewife / Davis Trail Segment,42.39745835,-71.12612688,,POINT (230781.21310000122 905282.8414999992)
ctps_bp_count_locations_pt.146,146,20132,Boston,Harvard Bridge (Boston side),42.3530841,-71.09058109,,POINT (233731.35140000284 900367.3713999987)
ctps_bp_count_locations_pt.147,147,20133,Boston,Longfellow Bridge (Boston side) - street segment,42.36150485,-71.07416704,,POINT (235078.99549999833 901309.3293000013)
ctps_bp_count_locations_pt.148,148,20134,Boston,Boston University Bridge (Boston side) - street segment,42.35243222,-71.11065656,,POINT (232077.71220000088 900287.2186000012)
ctps_bp_count_locations_pt.149,149,20135,Cambridge,Harvard Bridge (Cambridge side),42.35543013,-71.09173375,,POINT (233635.13899999857 900627.5020000003)
ctps_bp_count_locations_pt.150,150,20136,Ayer,Groton Street - Trail Segment,42.56522131,-71.58890785,,POINT (192699.63769999892 923854.3049999997)
ctps_bp_count_locations_pt.151,151,20137,Cambridge,Bow Street at Massachusetts Avenue,42.37228429,-71.11571458,,POINT (231651.054399997 902490.4116000012)
ctps_bp_count_locations_pt.152,152,20138,Marlborough,Hudson Street,42.35079106,-71.55718805,,POINT (195288.25090000033 900033.2938000001)
ctps_bp_count_locations_pt.153,153,20139,Boston,Neponset River Greenway,42.27119319,-71.0646539,,POINT (235913.85379999876 891281.9842000008)
ctps_bp_count_locations_pt.154,154,20140,Orleans,Depot Square - 100 feet south of Main Street,41.78880985,-69.99299983,,POINT (325260.39450000226 838718.2344999984)
ctps_bp_count_locations_pt.155,155,20141,Southwick,Congamond Road at Route 168 crossing,42.01960485,-72.77078162,,POINT (94754.27939999849 864029.8610000014)
ctps_bp_count_locations_pt.156,156,306,Somerville,Temple Street at Broadway,42.39262,-71.09335,,POINT (233482.29129999876 904757.7617999986)
ctps_bp_count_locations_pt.157,157,20147,Salisbury,Old Eastern Marsh Trail at Friedenfels Street,42.81885042,-70.87131363,,POINT (251414.7906000018 952214.8636000007)
ctps_bp_count_locations_pt.158,158,20148,Salisbury,Salisbury Point Ghost Trail at Bartlett Street,42.8454311,-70.87600019,,POINT (251009.92329999804 955164.8773000017)
ctps_bp_count_locations_pt.159,159,20142,Chelmsford,Bruce Freeman Rail Trail at Cushing Place,42.59638143,-71.35367702,,POINT (212009.02889999747 927322.1612000018)
ctps_bp_count_locations_pt.160,160,20143,Chelmsford,Bruce Freeman Rail Trail at Manahan Street,42.60828632,-71.335623,,POINT (213488.20180000365 928647.2972999997)
ctps_bp_count_locations_pt.161,161,20144,Chelmsford,Bruce Freeman Rail Trail at Maple Road,42.57131703,-71.38042691,,POINT (209817.52610000223 924534.5095000006)
ctps_bp_count_locations_pt.162,162,20145,Arlington,Minuteman Trail at Swan Place,42.41456022,-71.1523603,,POINT (228613.67289999872 907173.3311999999)
ctps_bp_count_locations_pt.163,163,20146,Gloucester,Route 127 at Blynman Canal Drawbridge,42.60975645,-70.67366147,,POINT (267803.60119999945 929126.0456999987)
ctps_bp_count_locations_pt.164,164,20165,Worcester,Plantation Street at Belmont Street,42.27375942,-71.76781954,,POINT (177907.17329999804 891510.0632999986)
ctps_bp_count_locations_pt.165,165,20171,Malden,Malden MBTA Station at Florence Street / Pleasant Street / Commercial Street,42.42727246,-71.07339445,,POINT (235106.1018999964 908614.8667000011)
ctps_bp_count_locations_pt.166,166,20166,New Bedford,Hawthorn Street at Rockdale Avenue,41.62811942,-70.9474361,,POINT (246046.2995999977 819913.2862000018)
ctps_bp_count_locations_pt.167,167,20170,Malden,Northern Strand Community Trail at Charles Street and Main Street,42.42411356,-71.06768134,,POINT (235578.01669999957 908266.3526999988)
ctps_bp_count_locations_pt.168,168,20164,Worcester,Park Avenue at Mill Street,42.24754049,-71.83350348,,POINT (172477.43240000308 888616.9321000017)
ctps_bp_count_locations_pt.169,169,20168,Boston,East Boston Greenway at Gove Street,42.37074856,-71.03607451,,POINT (238211.33789999783 902352.4431000017)
ctps_bp_count_locations_pt.170,170,20169,Gloucester,Rogers Street at Harbor Loop,42.61215994,-70.66100608,,POINT (268839.3545999974 929403.1592999995)
ctps_bp_count_locations_pt.171,171,20173,Wakefield,Albion Street at North Avenue,42.5018206,-71.07502816,,POINT (234930.4050000012 916894.8652999997)
ctps_bp_count_locations_pt.172,172,20172,Gloucester,Grove Street at Maplewood Avenue,42.62152119,-70.66867249,,POINT (268200.2120999992 930436.8376999982)
ctps_bp_count_locations_pt.173,173,20174,Franklin,Downtown - Main Street / Cottage Street / East Central Street,42.08246761,-71.39670199,,POINT (208547.03029999882 870233.2278999984)
ctps_bp_count_locations_pt.174,174,20183,Bedford,Great Road at Shawsheen Road,42.48404596,-71.259605,,POINT (219764.8259000033 914861.2873999998)
ctps_bp_count_locations_pt.175,175,20181,Bedford,Great Road at South Road,42.49187395,-71.27898566,,POINT (218169.1401000023 915726.5091999993)
ctps_bp_count_locations_pt.176,176,20184,Bedford,Springs Road at Page Road,42.49775601,-71.2739917,,POINT (218577.9496999979 916380.9651000015)
ctps_bp_count_locations_pt.177,177,20186,Bedford,Concord Road at McMahon Road,42.48944183,-71.29152462,,POINT (217139.00360000134 915453.7540999986)
ctps_bp_count_locations_pt.178,178,20182,Bedford,Burlington Road at Old Billerica Road,42.49751983,-71.2571032,,POINT (219966.25569999963 916358.5456999987)
ctps_bp_count_locations_pt.179,179,20185,Bedford,Shawsheen Road at Page Road,42.49286183,-71.25623003,,POINT (220039.50930000097 915841.3392999992)
ctps_bp_count_locations_pt.180,180,20187,Franklin,"Southern New England Trunkline Trail, Grove Street Trailhead",42.06195875,-71.42848402,,POINT (205919.26690000296 867952.5936000012)
ctps_bp_count_locations_pt.181,181,20188,Methuen,Methuen Rail Trail at Railroad Street Parking Lot,42.72438011,-71.18868649,,POINT (225498.13329999894 941577.2226000018)
ctps_bp_count_locations_pt.182,182,20194,Quincy,Neponset Bridge at Quincy Shore Drive,42.28359218,-71.03799798,,POINT (238105.34870000184 892670.7470999993)
ctps_bp_count_locations_pt.183,183,20195,Quincy,Wollaston Beach at 790 Quincy Shore Drive,42.27644747,-71.00928426,,POINT (240478.15670000017 891890.3883000016)
ctps_bp_count_locations_pt.184,184,20191,Watertown,School Street at Mt. Auburn Street,42.37076374,-71.1649248,,POINT (227598.62690000236 902304.4228999987)
ctps_bp_count_locations_pt.185,185,20193,Quincy,Hancock Street at Washington Street,42.25163525,-71.00361809,,POINT (240961.57989999652 889137.1338)
ctps_bp_count_locations_pt.186,186,20192,Amesbury,Amesbury Riverwalk / Powwow Walk,42.85506232,-70.92541695,,POINT (246963.1275999993 956206.431400001)
ctps_bp_count_locations_pt.187,187,20196,Medforoad,Medford Square/Craddock Bridge,42.41765895,-71.11011386,,POINT (232089.30680000037 907532.5623999983)
ctps_bp_count_locations_pt.188,188,20197,Medforoad,College Avenue at Boston Avenue (Tufts),42.40662468,-71.11689448,,POINT (231536.74210000038 906304.3795000017)
ctps_bp_count_locations_pt.189,189,20198,Medforoad,High Street at Mystic Valley Parkway,42.4205182,-71.14281535,,POINT (229396.52489999682 907838.373399999)
ctps_bp_count_locations_pt.190,190,20149,Boston,South Station - Dorchester Avenue / Summer Street,42.35143149,-71.05284812,,POINT (236841.03830000013 900199.4162000008)
ctps_bp_count_locations_pt.191,191,20200,Newton,Walnut Street at Washington Street,42.351613,-71.207327,,POINT (224113.47100000083 900164.3814999983)
ctps_bp_count_locations_pt.192,192,20201,Revere,Broadway Street at Central Avenue,42.41041,-71.012103,,POINT (240160.53350000083 906768.882199999)
ctps_bp_count_locations_pt.193,193,20202,Revere,Sargent Street near Disalvo Park,42.418795,-71.019352,,POINT (239558.60149999708 907696.870099999)
ctps_bp_count_locations_pt.194,194,20203,Revere,Beach Street at Payson Street,42.408989,-71.007978,,POINT (240500.98309999704 906612.9934)
ctps_bp_count_locations_pt.195,195,20204,Revere,Park Avenue near Harry Della Russo Stadium,42.410828,-71.015519,,POINT (239879.0901999995 906813.7093999982)
ctps_bp_count_locations_pt.196,196,20205,Bedford,"Wilson Park (Intersection of Concord Road, Great Road, and North Road)",42.493686,-71.284729,,POINT (217696.48629999906 915926.5844999999)
ctps_bp_count_locations_pt.197,197,20206,Boston,Beacon Street at Arthur Fiedler Footbridge,42.355494,-71.072781,,POINT (235196.51640000194 900642.2432999983)
ctps_bp_count_locations_pt.198,198,20207,Cambridge,Broadway Street (west of Portland Street),42.36591,-71.092354,,POINT (233578.47720000148 901791.314199999)
ctps_bp_count_locations_pt.199,199,20208,Boston,Western Avenue (east of Hague Street),42.363733,-71.123536,,POINT (231011.05340000242 901537.6964000016)
ctps_bp_count_locations_pt.200,200,20209,Boston,Centre Street (north of Harris Avenue),42.31123,-71.114511,,POINT (231780.83349999785 895709.2426000014)
ctps_bp_count_locations_pt.201,201,20210,Boston,Columbus Avenue (south of Holyoke Street),42.344171,-71.077289,,POINT (234831.36069999635 899382.689199999)
ctps_bp_count_locations_pt.202,202,20211,Boston,Beacon Street (east of Kenmore Street),42.349451,-71.094631,,POINT (233399.6071999967 899962.2296999991)
ctps_bp_count_locations_pt.203,203,20212,Boston,Main Street (south of Sullivan Square),42.383541,-71.071922,,POINT (235251.6494999975 903757.9351999983)
ctps_bp_count_locations_pt.204,204,20213,Boston,Dorchester Avenue (north of Doris Street),42.313736,-71.057023,,POINT (236518.81689999998 896010.6110000014)
ctps_bp_count_locations_pt.205,205,20214,Boston,Columbia Road (south of Intervale Street),42.308976,-71.074076,,POINT (235115.629900001 895474.7373000011)
ctps_bp_count_locations_pt.206,206,20215,Boston,Massachusetts Avenue (south of Newmarket Square),42.326357,-71.066498,,POINT (235730.5856000036 897408.4670999981)
ctps_bp_count_locations_pt.207,207,20216,Boston,Beacon Street (east of Mountfort Street),42.347638,-71.101434,,POINT (232840.03299999982 899758.2087999992)
ctps_bp_count_locations_pt.208,208,20217,Boston,Brookline Avenue (south of Francis Street),42.336719,-71.109605,,POINT (232172.33669999987 898542.2655999996)
ctps_bp_count_locations_pt.209,209,20218,Boston,Blue Hill Avenue (between Rexford Street and Regis Road),42.271437,-71.093639,,POINT (233522.62319999933 891297.2675999999)
ctps_bp_count_locations_pt.210,210,20219,Boston,Washington Street (north of Bexley Road),42.288313,-71.126119,,POINT (230835.0019999966 893159.4941999987)
ctps_bp_count_locations_pt.211,211,20220,Boston,Seaport Boulevard (west of Sleeper Street),42.352952,-71.048081,,POINT (237232.90450000018 900370.3773000017)
ctps_bp_count_locations_pt.212,212,20221,Boston,Meridian Street (south of Nay Street),42.382884,-71.0393,,POINT (237938.39180000126 903698.9541999996)
ctps_bp_count_locations_pt.213,213,20222,Boston,Dorchester Avenue (south of Greenwich Street),42.302802,-71.05954,,POINT (236317.5901999995 894795.0529999994)
ctps_bp_count_locations_pt.214,214,20223,Boston,Massachusetts Avenue (north of Back Street),42.351812,-71.089959,,POINT (233783.28339999914 900226.3183000013)
ctps_bp_count_locations_pt.215,215,20224,Boston,Commonwealth Avenue WB (west of Silber Street),42.349414,-71.100803,,POINT (232891.10090000182 899955.7215999998)
ctps_bp_count_locations_pt.216,216,20225,Boston,Boston University Bridge (north of Commonwealth Avenue),42.351464,-71.110799,,POINT (232066.46720000356 900179.6198000014)
ctps_bp_count_locations_pt.217,217,20226,Boston,Market Street (south of Beacon Street/Route 20),42.355944,-71.149234,,POINT (228897.76650000364 900663.5029000007)
ctps_bp_count_locations_pt.218,218,20227,Boston,Cambridge Street (east of Lincoln Street),42.357491,-71.127604,,POINT (230678.98359999806 900842.8907999992)
ctps_bp_count_locations_pt.219,219,20228,Boston,Beacon Street/Route 20 (west of Raleigh Street),42.349289,-71.095179,,POINT (233354.5415999964 899944.0210999995)
ctps_bp_count_locations_pt.220,220,20229,Boston,Commonwealth Avenue/Route 20 (west of Arlington Street),42.353436,-71.072476,,POINT (235222.7893999964 900413.7763999999)
ctps_bp_count_locations_pt.221,221,20230,Boston,Massachusetts Avenue Bridge (north of Back Street),42.351818,-71.089951,,POINT (233783.93930000067 900226.9879000001)
ctps_bp_count_locations_pt.222,222,20231,Boston,Cambridge Street (west of Eleanor Street),42.351509,-71.143446,,POINT (229376.6648999974 900172.8596000001)
ctps_bp_count_locations_pt.223,223,20232,Boston,North Washington Street Bridge (south of Chelsea Street),42.369281,-71.06015,,POINT (236229.21580000222 902178.9279999994)
ctps_bp_count_locations_pt.224,224,20233,Boston,Commonwealth Avenue EB (east of Hinsdale Mall),42.349419,-71.102554,,POINT (232746.82919999957 899955.6031999998)
ctps_bp_count_locations_pt.225,225,20234,Boston,Mt. Vernon Street (west of Harbor Point Boulevard),42.318825,-71.045126,,POINT (237496.5746999979 896581.0291000009)
ctps_bp_count_locations_pt.226,226,20235,Boston,Talbot Avenue (west of New England Avenue),42.291946,-71.077798,,POINT (234818.13289999962 893581.6220000014)
ctps_bp_count_locations_pt.227,227,20236,Boston,Dorchester Avenue (north of Dorris Street),42.31372,-71.057044,,POINT (236517.09489999712 896008.8247999996)
ctps_bp_count_locations_pt.228,228,20237,Boston,Pleasant Street (north of Morrill Street),42.31645,-71.059471,,POINT (236315.45009999722 896311.0212000012)
ctps_bp_count_locations_pt.229,229,20238,Boston,Dorchester Avenue (between Wrentham Street and Dracut Street),42.287253,-71.063876,,POINT (235968.90510000288 893066.1301000006)
ctps_bp_count_locations_pt.230,230,20239,Boston,Columbia Road (south of Quincy Street),42.311136,-71.070427,,POINT (235415.26309999824 895716.1662000008)
ctps_bp_count_locations_pt.231,231,20240,Boston,Adams Street (south of Washington Street),42.271899,-71.067979,,POINT (235639.1555000022 891358.9864999987)
ctps_bp_count_locations_pt.232,232,20241,Boston,Harvard Avenue (north of Commonwealth Avenue),42.350633,-71.13116,,POINT (230389.32710000128 900079.8616999984)
ctps_bp_count_locations_pt.233,233,20242,Boston,Post Office Square NB (north of Milk Street),42.357155,-71.055995,,POINT (236578.45910000056 900833.8016999997)
ctps_bp_count_locations_pt.234,234,20243,Boston,Congress Street SB (south of Milk Street),42.356505,-71.056213,,POINT (236560.875500001 900761.5093999989)
ctps_bp_count_locations_pt.235,235,20244,Boston,Washington Street (south of Hayward Place),42.352854,-71.062573,,POINT (236038.999499999 900353.2674999982)
ctps_bp_count_locations_pt.236,236,20245,Boston,Summer Street (east of Dorchester Avenue),42.351635,-71.053268,,POINT (236806.32639999688 900221.8403000012)
ctps_bp_count_locations_pt.237,237,20246,Boston,SW Corridor Park Pathway (south of Heath Street),42.324566,-71.098723,,POINT (233075.46149999648 897196.5351999998)
ctps_bp_count_locations_pt.238,238,20247,Boston,Center Street (between Chestnut Avenue and Wise Street),42.322877,-71.101568,,POINT (232841.83940000087 897007.8308000006)
ctps_bp_count_locations_pt.239,239,20248,Boston,Washington Street (east of Beethoven Street),42.315328,-71.098759,,POINT (233077.32109999657 896170.4145000018)
ctps_bp_count_locations_pt.240,240,20249,Boston,Brighton Avenue (east of St. Lukes Road),42.35231,-71.126272,,POINT (230791.23789999634 900267.8883000016)
ctps_bp_count_locations_pt.241,241,20250,Boston,Longwood Avenue (east of Pilgrim Road),42.339232,-71.107802,,POINT (232319.63660000265 898822.0788000003)
ctps_bp_count_locations_pt.242,242,20251,Boston,Blue Hills Avenue (north of Rexford Street),42.271427,-71.093639,,POINT (233522.62849999964 891296.1568000019)
ctps_bp_count_locations_pt.243,243,20252,Boston,South Huntington Avenue (south of Castleton Street),42.32268,-71.112149,,POINT (231969.77889999747 896981.9290999994)
ctps_bp_count_locations_pt.244,244,20253,Boston,Quincy Street (west of Ceylon Street),42.312049,-71.072299,,POINT (235260.42300000042 895816.8013000004)
ctps_bp_count_locations_pt.245,245,20254,Boston,Warren Street (north of Walnut Street),42.324474,-71.082936,,POINT (234376.75039999932 897192.5584000014)
ctps_bp_count_locations_pt.246,246,20255,Boston,Seaver Street/Route 28 (west of Humboldt Avenue),42.310217,-71.092573,,POINT (233589.9865999967 895605.1308999993)
ctps_bp_count_locations_pt.247,247,20256,Boston,Chestnut Hill Avenue (north of Embassy Road),42.341748,-71.154423,,POINT (228476.66390000284 899084.9292000011)
ctps_bp_count_locations_pt.248,248,20257,Boston,Blue Hill Avenue (north of Seaver Street),42.305717,-71.084617,,POINT (234248.3404000029 895108.4607000016)
ctps_bp_count_locations_pt.249,249,20258,Boston,D Street (south of West Broadway),42.338661,-71.050969,,POINT (237003.32580000162 898781.7498999983)
ctps_bp_count_locations_pt.250,250,20259,Boston,L Street (north of East Broadway),42.335957,-71.035432,,POINT (238285.3056000024 898488.2611000016)
ctps_bp_count_locations_pt.251,251,20260,Boston,A Street (north of Iron Street),42.345537,-71.052227,,POINT (236895.64940000325 899544.9550999999)
ctps_bp_count_locations_pt.252,252,20261,Boston,D Street (south of Fargo Street),42.34537,-71.043185,,POINT (237640.78419999778 899530.3561999984)
ctps_bp_count_locations_pt.253,253,20262,Boston,Dorchester Avenue (north of B Street),42.338577,-71.057103,,POINT (236497.8946999982 898769.7767000012)
ctps_bp_count_locations_pt.254,254,20263,Boston,Washington Street (south of Herald Street),42.346257,-71.064685,,POINT (235868.73629999906 899619.6152000017)
ctps_bp_count_locations_pt.255,255,20264,Boston,Columbus Avenue (west of Holyoke Street),42.344143,-71.077407,,POINT (234821.65299999714 899379.5309999995)
ctps_bp_count_locations_pt.256,256,20265,Boston,Columbus Avenue/Route 28 (west of Massachusetts Avenue),42.340361,-71.082046,,POINT (234441.46169999987 898957.561900001)
ctps_bp_count_locations_pt.257,257,20266,Boston,Franklin Street (between Alcott Street and Bradbury Street),42.358169,-71.133052,,POINT (230229.8423999995 900916.254999999)
ctps_bp_count_locations_pt.258,258,20267,Boston,Columbus Avenue/Route 28 (west of Arlington Street),42.34976,-71.070426,,POINT (235393.73920000345 900006.3128000014)
ctps_bp_count_locations_pt.259,259,20268,Boston,Massachusetts Avenue (south of Columbus Avenue/Route 28),42.340341,-71.081392,,POINT (234495.3647999987 898955.6046999991)
ctps_bp_count_locations_pt.260,260,20269,Boston,Massachusetts Avenue South of Shawmut Avenue,42.337135,-71.07772,,POINT (234799.71580000222 898600.9902000017)
ctps_bp_count_locations_pt.261,261,20270,Boston,Craigie Dam Bridge West of Leverett Circle,42.367129,-71.069044,,POINT (235497.85710000247 901936.1539000012)
ctps_bp_count_locations_pt.262,262,20271,Boston,Longfellow Bridge West of Charles Circle,42.361372,-71.073335,,POINT (235147.60960000008 901294.9156000018)
ctps_bp_count_locations_pt.263,263,20272,Boston,Weld Avenue West of Centre Street,42.294349,-71.136471,,POINT (229978.39339999855 893826.2470999993)
ctps_bp_count_locations_pt.264,264,20273,Boston,Western Avenue West of South Waverly Street,42.362401,-71.140964,,POINT (229576.06400000304 901383.5538000017)
ctps_bp_count_locations_pt.265,265,20274,Boston,North Harvard Street South of Soldiers Field Road,42.36798,-71.124068,,POINT (230965.15139999986 902009.2421000004)
ctps_bp_count_locations_pt.266,266,20275,Boston,Emerald Necklace at Washington Street (Route 9),42.33184,-71.113435,,POINT (231859.16640000045 897998.8931999989)
ctps_bp_count_locations_pt.267,267,20276,Acton,Assabet River Rail Trail at South Acton Trailhead And Maple Street,42.459772,-71.456469,,POINT (203580.46769999713 912138.0044)
ctps_bp_count_locations_pt.268,268,20277,Newton,Commonwealth Avenue (Route 30) at Oakland Avenue,42.344426,-71.258847,,POINT (219870.99329999834 899352.7954000011)
ctps_bp_count_locations_pt.269,269,20278,Boston,Centre Street And Goodrich Road,42.315455,-71.114079,,POINT (231814.32519999892 896178.6933999993)
ctps_bp_count_locations_pt.270,270,20279,Westfield,Columbia Greenway Rail Trail (0.1 Miles South of Drivey Bridge),42.104722,-72.743889,,POINT (97119.2247999981 873450.0599999987)
ctps_bp_count_locations_pt.271,271,20280,Malden,Northern Strand Community Trail at Beach Street,42.432329,-71.0259,,POINT (239011.3342999965 909197.1664000005)
ctps_bp_count_locations_pt.272,272,20281,Boston,Rutherford Avenue SB at Bunker Hill Industrial Park,42.379492,-71.071153,,POINT (235317.23619999737 903308.5069999993)
ctps_bp_count_locations_pt.273,273,20282,Boston,Rutherford Avenue NB at Essex Street,42.379572,-71.070707,,POINT (235353.92099999636 903317.5777999982)
ctps_bp_count_locations_pt.274,274,20283,Boston,Alford Street SB at West Street,42.385204,-71.073718,,POINT (235102.8295999989 903941.9138000011)
ctps_bp_count_locations_pt.275,275,20284,Boston,Alford Street NB,42.385292,-71.072618,,POINT (235193.36089999974 903952.1418000013)
